Cadet/First,Cadet/Last,Cadet/Preferred Name,Cadet/Email,Cadet/Major Unit,Cadet/Minor Unit,Cadet/Unit,Cadet/Outfit,Cadet/Class Year
Evan,Krohn,,evanpk@tamu.edu,1REG,5BN,P2,P2,2027
Johnny,Le,,jwonnyleaf@tamu.edu,1REG,5BN,P2,P2,2027
Alan,Chao,,alanchao8669@tamu.edu,1REG,5BN,P2,P2,2027
Nathan,Skouby,,nathanskouby@tamu.edu,1REG,5BN,P2,P2,2027
Dev,Garg,,devgargd7@gmail.com,1REG,5BN,P2,P2,2027
Manas,Sahu,,manas.sahu@tamu.edu,1REG,5BN,P2,P2,2027
TestMinor,5BN,,testminor@tamu.edu,1REG,5BN,5BN Staff,P2,2027
TestMajor,1REG,,testmajor@tamu.edu,1REG,,1REG Staff,P2,2027
TestCMDT,CMDT,,testcmdt@tamu.edu,1REG,,CMDT Staff,CMDT Staff,2027